{
  "project_info": {
    "project_number": "659298271039",
    "project_id": "cs245-appdev-hand",
    "storage_bucket": "cs245-appdev-hand.appspot.com"
  },
  "client": [
    {
      "client_info": {
        "mobilesdk_app_id": "1:659298271039:android:b542347ec9afbc4aff1d8a",
        "android_client_info": {
          "package_name": "com.teamcool.han_d"
        }
      },
      "oauth_client": [
        {
          "client_id": "659298271039-nf670scmr0ce3qtrjphpe6iav4igqi42.apps.googleusercontent.com",
          "client_type": 3
        }
      ],
      "api_key": [
        {
          "current_key": "AIzaSyAagsvq7ZQY0oKzmSs-qcH3yRuC6Km3vME"
        }
      ],
      "services": {
        "appinvite_service": {
          "other_platform_oauth_client": [
            {
              "client_id": "659298271039-nf670scmr0ce3qtrjphpe6iav4igqi42.apps.googleusercontent.com",
              "client_type": 3
            }
          ]
        }
      }
    }
  ],
  "configuration_version": "1"
}